question_id,question,run_id,run_num,response
1,List all my repositories,q1_run1,1,"Here is a list of all the repositories you have access to: Devenvaruv/AwesomeProject, kevin-v96/makoton-ai-tutor, puranjaigarg783/astronvim_config, puranjaigarg783/backup, puranjaigarg783/claude_rag, puranjaigarg783/coderag, puranjaigarg783/CS590-Lab1, puranjaigarg783/CS590Assignment2, puranjaigarg783/CS601SideProject, puranjaigarg783/CS601SideProjFrontEnd, puranjaigarg783/CS686_Assign_1, puranjaigarg783/dbt, puranjaigarg783/dbt_test, puranjaigarg783/dbt_try, puranjaigarg783/dotfiles, puranjaigarg783/emptorix-front-end, puranjaigarg783/express_test, puranjaigarg783/genai-test, puranjaigarg783/geoAI, puranjaigarg783/LawGenie, puranjaigarg783/logviz-backend, puranjaigarg783/logviz-frontend, puranjaigarg783/makaton-ai-conv-agent, puranjaigarg783/mongoGenAI, puranjaigarg783/mongoHackathon, puranjaigarg783/node-demo, puranjaigarg783/node_demo, puranjaigarg783/personal_chatbot, puranjaigarg783/pitch-sync, puranjaigarg783/program_analysis, puranjaigarg783/Second_Brain_RAG, puranjaigarg783/shimmer-workflow, puranjaigarg783/SmartScanner, puranjaigarg783/test123, puranjaigarg783/testcode, puranjaigarg783/testExample2, puranjaigarg783/user_example, puranjaigarg783/USF-CS686-Assign2, puranjaigarg783/USF-CS686_assign0, puranjaigarg783/USF-CS686_assign1, puranjaigarg783/vault, puranjaigarg783/wg_configs, Sahil1709/email-chat-buddy, Sahil1709/green-dons, Sahil1709/smartscanner, Shreyas-Yadav/GenAI-Final"
1,List all my repositories,q1_run2,2,"Here is a list of all the repositories you have access to: Devenvaruv/AwesomeProject, kevin-v96/makoton-ai-tutor, puranjaigarg783/astronvim_config, puranjaigarg783/backup, puranjaigarg783/claude_rag, puranjaigarg783/coderag, puranjaigarg783/CS590-Lab1, puranjaigarg783/CS590Assignment2, puranjaigarg783/CS601SideProject, puranjaigarg783/CS601SideProjFrontEnd, puranjaigarg783/CS686_Assign_1, puranjaigarg783/dbt, puranjaigarg783/dbt_test, puranjaigarg783/dbt_try, puranjaigarg783/dotfiles, puranjaigarg783/emptorix-front-end, puranjaigarg783/express_test, puranjaigarg783/genai-test, puranjaigarg783/geoAI, puranjaigarg783/LawGenie, puranjaigarg783/logviz-backend, puranjaigarg783/logviz-frontend, puranjaigarg783/makaton-ai-conv-agent, puranjaigarg783/mongoGenAI, puranjaigarg783/mongoHackathon, puranjaigarg783/node-demo, puranjaigarg783/node_demo, puranjaigarg783/personal_chatbot, puranjaigarg783/pitch-sync, puranjaigarg783/program_analysis, puranjaigarg783/Second_Brain_RAG, puranjaigarg783/shimmer-workflow, puranjaigarg783/SmartScanner, puranjaigarg783/test123, puranjaigarg783/testcode, puranjaigarg783/testExample2, puranjaigarg783/user_example, puranjaigarg783/USF-CS686-Assign2, puranjaigarg783/USF-CS686_assign0, puranjaigarg783/USF-CS686_assign1, puranjaigarg783/vault, puranjaigarg783/wg_configs, Sahil1709/email-chat-buddy, Sahil1709/green-dons, Sahil1709/smartscanner, Shreyas-Yadav/GenAI-Final"
1,List all my repositories,q1_run3,3,"Here is a list of all the repositories you have access to: Devenvaruv/AwesomeProject, kevin-v96/makoton-ai-tutor, puranjaigarg783/astronvim_config, puranjaigarg783/backup, puranjaigarg783/claude_rag, puranjaigarg783/coderag, puranjaigarg783/CS590-Lab1, puranjaigarg783/CS590Assignment2, puranjaigarg783/CS601SideProject, puranjaigarg783/CS601SideProjFrontEnd, puranjaigarg783/CS686_Assign_1, puranjaigarg783/dbt, puranjaigarg783/dbt_test, puranjaigarg783/dbt_try, puranjaigarg783/dotfiles, puranjaigarg783/emptorix-front-end, puranjaigarg783/express_test, puranjaigarg783/genai-test, puranjaigarg783/geoAI, puranjaigarg783/LawGenie, puranjaigarg783/logviz-backend, puranjaigarg783/logviz-frontend, puranjaigarg783/makaton-ai-conv-agent, puranjaigarg783/mongoGenAI, puranjaigarg783/mongoHackathon, puranjaigarg783/node-demo, puranjaigarg783/node_demo, puranjaigarg783/personal_chatbot, puranjaigarg783/pitch-sync, puranjaigarg783/program_analysis, puranjaigarg783/Second_Brain_RAG, puranjaigarg783/shimmer-workflow, puranjaigarg783/SmartScanner, puranjaigarg783/test123, puranjaigarg783/testcode, puranjaigarg783/testExample2, puranjaigarg783/user_example, puranjaigarg783/USF-CS686-Assign2, puranjaigarg783/USF-CS686_assign0, puranjaigarg783/USF-CS686_assign1, puranjaigarg783/vault, puranjaigarg783/wg_configs, Sahil1709/email-chat-buddy, Sahil1709/green-dons, Sahil1709/smartscanner, Shreyas-Yadav/GenAI-Final"
2,Get the README file from my project repository,q2_run1,1,Could you please specify the name of the repository you are referring to?
2,Get the README file from my project repository,q2_run2,2,Could you please specify the name of the repository you are referring to?
2,Get the README file from my project repository,q2_run3,3,Could you please specify the name of the repository you are referring to?
3,Find open issues in my main project,q3_run1,1,"Could you please specify which repository you are referring to as your ""main project""?"
3,Find open issues in my main project,q3_run2,2,"Could you please specify which repository you are referring to as your ""main project""?
"
3,Find open issues in my main project,q3_run3,3,"Could you please specify which repository you are referring to as your ""main project""?"
4,Search for repositories related to machine learning,q4_run1,1,"Here are some repositories related to machine learning: tensorflow/tensorflow, huggingface/transformers, fighting41love/funNLP, microsoft/ML-For-Beginners, josephmisiti/awesome-machine-learning, scikit-learn/scikit-learn, gradio-app/gradio, TheAlgorithms/C-Plus-Plus, lutzroeder/netron, ageron/handson-ml2, Ebazhanov/linkedin-skill-assessments-quizzes, ZuzooVn/machine-learning-for-software-engineers, eugeneyan/applied-ml, eriklindernoren/ML-From-Scratch, shap/shap, trekhleb/homemade-machine-learning, ashishpatel26/500-AI-Machine-learning-Deep-learning-Computer-vision-NLP-Projects-with-code, PaddlePaddle/Paddle, mlflow/mlflow, TheAlgorithms/C, RasaHQ/rasa, ml-tooling/best-of-ml-python, microsoft/qlib, onnx/onnx, EthicalML/awesome-production-machine-learning, afshinea/stanford-cs-229-machine-learning, Unity-Technologies/ml-agents, microsoft/LightGBM, apache/brpc, NLP-LOVE/ML-NLP."
4,Search for repositories related to machine learning,q4_run2,2,"Here are some repositories related to machine learning: tensorflow/tensorflow, huggingface/transformers, fighting41love/funNLP, microsoft/ML-For-Beginners, josephmisiti/awesome-machine-learning, scikit-learn/scikit-learn, gradio-app/gradio, TheAlgorithms/C-Plus-Plus, lutzroeder/netron, ageron/handson-ml2, Ebazhanov/linkedin-skill-assessments-quizzes, ZuzooVn/machine-learning-for-software-engineers, eugeneyan/applied-ml, eriklindernoren/ML-From-Scratch, shap/shap, trekhleb/homemade-machine-learning, ashishpatel26/500-AI-Machine-learning-Deep-learning-Computer-vision-NLP-Projects-with-code, PaddlePaddle/Paddle, mlflow/mlflow, TheAlgorithms/C, RasaHQ/rasa, ml-tooling/best-of-ml-python, microsoft/qlib, onnx/onnx, EthicalML/awesome-production-machine-learning, afshinea/stanford-cs-229-machine-learning, Unity-Technologies/ml-agents, microsoft/LightGBM, apache/brpc, NLP-LOVE/ML-NLP."
4,Search for repositories related to machine learning,q4_run3,3,"Here are some repositories related to machine learning: tensorflow/tensorflow, huggingface/transformers, fighting41love/funNLP, microsoft/ML-For-Beginners, josephmisiti/awesome-machine-learning, scikit-learn/scikit-learn, gradio-app/gradio, TheAlgorithms/C-Plus-Plus, lutzroeder/netron, ageron/handson-ml2, Ebazhanov/linkedin-skill-assessments-quizzes, ZuzooVn/machine-learning-for-software-engineers, eugeneyan/applied-ml, eriklindernoren/ML-From-Scratch, shap/shap, trekhleb/homemade-machine-learning, ashishpatel26/500-AI-Machine-learning-Deep-learning-Computer-vision-NLP-Projects-with-code, PaddlePaddle/Paddle, mlflow/mlflow, TheAlgorithms/C, RasaHQ/rasa, ml-tooling/best-of-ml-python, microsoft/qlib, onnx/onnx, EthicalML/awesome-production-machine-learning, afshinea/stanford-cs-229-machine-learning, Unity-Technologies/ml-agents, microsoft/LightGBM, apache/brpc, NLP-LOVE/ML-NLP."
5,Compare the features between my v1 and v2 APIs,q5_run1,1,"I do not have access to the content of your repositories or APIs to compare their features. To compare the features between your v1 and v2 APIs, you would need to provide me with access to their specifications or documentation."
5,Compare the features between my v1 and v2 APIs,q5_run2,2,"I do not have access to the content of your repositories or APIs to compare their features. To compare the features between your v1 and v2 APIs, you would need to provide me with access to their specifications or documentation."
5,Compare the features between my v1 and v2 APIs,q5_run3,3,"I do not have access to the content of your repositories or APIs to compare their features. To compare the features between your v1 and v2 APIs, you would need to provide me with access to their specifications or documentation."
